first_name,last_name,email,phone,address,gst_number
Isaac,Bakshi,isaac.bakshi1825@gmail.com,9022768040,"218, Sami Zila, Ludhiana 338908",16GPOSS4428YZ2
Rushil,Saini,rushil.saini6925@gmail.com,9319300868,"40/26, Mall Path, Thrissur-116155",33LDXCH6831CZ0
Aishani,Bassi,aishani.bassi3734@gmail.com,9798834813,"18, Pathak Road, Coimbatore-341316",31GYQPE7139UZ8
Arunima,Setty,arunima.setty3599@gmail.com,9687203229,"H.No. 53, Bora Road, Deoghar 276483",32IRKXL2252SZ6
Ekta,Bhalla,ekta.bhalla9561@gmail.com,9329500167,"H.No. 64, Kakar Zila, Rajpur Sonarpur-672423",23PKPMG5961RZ4
Adya,Sangha,adya.sangha5574@gmail.com,9144982519,"287, Batta Zila, Jamnagar-691669",30HQPDT5750KZ7
Upadhriti,Wadhwa,upadhriti.wadhwa320@gmail.com,9139822507,"18/451, Saran Road, Malda 482814",12ZNDRY1569RZ3
Yashica,Issac,yashica.issac5108@gmail.com,9363842005,"880, Naik, Surat-543039",28FBQFX8026GZ8
Farhan,Chada,farhan.chada2168@gmail.com,9785244063,"22/78, Lanka Street, Rajpur Sonarpur-465787",23MSRZC4382GZ8
Jai,Kota,jai.kota7351@gmail.com,9114808806,"H.No. 09, Karpe Circle, Chennai-031051",27VZYWE4240MZ0
Yoshita,Khanna,yoshita.khanna6397@gmail.com,9274499571,"829, Solanki, Bhalswa Jahangir Pur 311656",19FBTBI0495BZ8
Nirja,Sibal,nirja.sibal1313@gmail.com,9800849550,"H.No. 651, Handa Ganj, Jorhat 262473",12KPNYF7236JZ7
Faqid,Savant,faqid.savant5181@gmail.com,9990650551,"80/132, Sunder Marg, Kakinada 026064",21WWJEV7696AZ8
Suhani,Mangal,suhani.mangal4906@gmail.com,9918287122,"343, Bhat Nagar, Howrah-978820",20FQGMX8042AZ5
Yashoda,Buch,yashoda.buch2144@gmail.com,9627540089,"13/61, Koshy, Udupi-699854",27AJOLB3990LZ3
Samarth,Murthy,samarth.murthy4089@gmail.com,9635897921,"24, Mutti Chowk, Bangalore-991183",35VWATI9888IZ2
Yashawini,Lanka,yashawini.lanka1772@gmail.com,9304193882,"H.No. 354, Sarma Street, Pudukkottai-841241",31FIWZH6395AZ1
Hredhaan,Dugal,hredhaan.dugal4280@gmail.com,9192147365,"35/34, Suresh Circle, Faridabad 640052",22XEBLN8697GZ5
Adweta,Edwin,adweta.edwin7067@gmail.com,9063387334,"01/12, Banik Circle, Ballia-620450",22SOERJ7154AZ4
Ishita,Kade,ishita.kade4701@gmail.com,9276346579,"H.No. 86, Dubey, Ujjain-602563",33ECNQI8762GZ2
Amara,Dutta,amara.dutta401@gmail.com,9096748573,"H.No. 733, Palla Chowk, Ambattur 036541",22GRATU1419QZ7
Arya,Panchal,arya.panchal823@gmail.com,9591145537,"H.No. 142, Lanka, Moradabad-556981",24PSNVO8742HZ4
Lekha,Gupta,lekha.gupta8541@gmail.com,9424723801,"60/883, Sankar Path, Bathinda 148465",22SSBKO4249SZ0
Neha,Merchant,neha.merchant9433@gmail.com,9303789475,"62, Mitra, Motihari-443699",29XMHMK6778EZ9
Ekanta,Shroff,ekanta.shroff8752@gmail.com,9035061403,"38/721, Varma Road, Tiruchirappalli-433200",16LIWHY4847BZ5
Yash,Soman,yash.soman3674@gmail.com,9676791011,"93, Talwar Marg, Latur 016328",31CYMGJ6977FZ4
Ucchal,Bedi,ucchal.bedi1772@gmail.com,9595939158,"27, Nadig Circle, Pudukkottai-872774",17CUWPD9734LZ1
Yug,Malhotra,yug.malhotra8290@gmail.com,9604443841,"H.No. 71, Keer Road, Thanjavur-812236",15TZHVN4472HZ1
Michael,Kala,michael.kala4570@gmail.com,9824630812,"58, Sagar Chowk, Tiruppur 690967",35GHPWO5124RZ3
Abeer,Pandey,abeer.pandey7801@gmail.com,9647026354,"88, Kannan, Muzaffarnagar 670656",26IZOJL3273XZ8
Noah,Sibal,noah.sibal3034@gmail.com,9172575982,"99, Chacko Nagar, Bhavnagar-204653",21EANHZ5618PZ1
Suhani,Narain,suhani.narain201@gmail.com,9544109484,"H.No. 64, Singhal Zila, Panvel 531003",12PRDVY0254TZ9
Ryan,Bahri,ryan.bahri3698@gmail.com,9739254509,"719, Shroff Ganj, Arrah-991241",13YFFRE1004TZ7
Atharv,Muni,atharv.muni4772@gmail.com,9022802275,"31/931, Dara Road, Sri Ganganagar-518506",35YLOQX8013XZ9
Vrishti,Cherian,vrishti.cherian4729@gmail.com,9443425458,"72/628, Yohannan Road, Kirari Suleman Nagar-945314",33IGCZV5996IZ9
Shravya,Kohli,shravya.kohli660@gmail.com,9715429489,"H.No. 07, Gopal Path, Rajpur Sonarpur-454948",25JIRWI6298RZ0
Advaith,Varughese,advaith.varughese7452@gmail.com,9021788084,"678, Soni Ganj, Sultan Pur Majra-143634",11EJTQT2594WZ7
Jyoti,Solanki,jyoti.solanki1990@gmail.com,9067730428,"85/574, Krishnamurthy Road, Jamshedpur 518233",13LDVMS5289HZ7
Veda,Malhotra,veda.malhotra9032@gmail.com,9115710783,"435, Mittal Street, Deoghar 400842",35NVHHP9415LZ5
Vritti,Chauhan,vritti.chauhan9043@gmail.com,9739892384,"77, Gour Path, Nizamabad 116719",20TSVKR8940QZ9
Chatresh,Doshi,chatresh.doshi5440@gmail.com,9884547461,"H.No. 318, Kara Marg, Hospet-496499",25UGQKC3659UZ7
Darpan,Chaudhary,darpan.chaudhary8865@gmail.com,9006997406,"H.No. 12, Ghose Ganj, Sangli-Miraj & Kupwad-679740",13LSXBU2315SZ2
Vincent,Mani,vincent.mani2786@gmail.com,9163645264,"H.No. 349, Sandal Ganj, Tinsukia 242102",31AUXRE4356NZ4
Damyanti,Mani,damyanti.mani7485@gmail.com,9813425592,"46, Tella Road, Bahraich-906594",31KAWUZ9789YZ3
Atharv,Chand,atharv.chand9947@gmail.com,9821277610,"49/027, Sathe Circle, Bokaro-717565",30QILPT0271EZ8
Ekani,Cheema,ekani.cheema5995@gmail.com,9598284873,"74, Bansal Marg, Hubli–Dharwad-451680",13MBTFR6385CZ6
Turvi,Sachdev,turvi.sachdev229@gmail.com,9213723636,"59/77, Jani Nagar, Jamalpur 477109",25AWOXF0893NZ1
Wriddhish,Dutt,wriddhish.dutt2291@gmail.com,9009125339,"61/31, Dalal Chowk, Panchkula 846773",32YKTEK0449BZ5
Tanmayi,Dhillon,tanmayi.dhillon3560@gmail.com,9498065933,"82/14, Oak Marg, Delhi-499727",16ZYVCF6903EZ9
Veda,Pai,veda.pai3363@gmail.com,9072283190,"53, Rajagopal Ganj, Bulandshahr 576627",14ZOUCW1375AZ2
Balhaar,Date,balhaar.date4348@gmail.com,9075747515,"18, Aurora Chowk, Alappuzha 174596",29BUWNL9044VZ1
Faris,Narasimhan,faris.narasimhan8033@gmail.com,9748311657,"78/091, Mani Ganj, Mysore-117240",22ZNLPC7867XZ3
Chakradhar,Nair,chakradhar.nair7047@gmail.com,9423440463,"H.No. 56, Konda Street, Buxar 221969",14RMCCL7310RZ8
Wridesh,Tank,wridesh.tank5401@gmail.com,9648949023,"47, Andra Road, Tumkur-175946",13PFRFC8375ZZ6
Zashil,Shan,zashil.shan9191@gmail.com,9986609821,"71, Raj Ganj, Ramgarh 406409",32TXJED6079CZ8
Chandran,Taneja,chandran.taneja3525@gmail.com,9341339581,"53/39, Devan Road, Thane 709521",34QRHRM4271NZ1
Chakrika,Narain,chakrika.narain4641@gmail.com,9655329029,"285, Thaker Circle, Dehradun-745171",34DGIAT1375VZ5
Lohit,Kara,lohit.kara1181@gmail.com,9374403446,"H.No. 604, Dasgupta Circle, Arrah-965137",19CAIUQ8908HZ6
Aryan,Narang,aryan.narang9649@gmail.com,9408727065,"74/612, Barad Nagar, Kumbakonam-138267",16XJSVV2116YZ1
Kamala,Zachariah,kamala.zachariah2903@gmail.com,9964556869,"17, Reddy, Patna-377351",20WQDBL3205JZ7
Jhalak,Parmer,jhalak.parmer7405@gmail.com,9032690535,"H.No. 31, Chand Chowk, Kavali 053293",35TBXOE6594ZZ5
Ekapad,Johal,ekapad.johal1382@gmail.com,9512445132,"H.No. 29, Malhotra Nagar, Bikaner-210205",23URBQI3532VZ9
Wazir,Naik,wazir.naik2464@gmail.com,9351396359,"H.No. 02, Vora Marg, Rajkot 758917",19OQIDS9990VZ6
Yahvi,Kant,yahvi.kant8332@gmail.com,9331294210,"00, Ratti Chowk, Moradabad 711592",35CUVWA3713FZ2
Dominic,Date,dominic.date2713@gmail.com,9703796772,"98, Setty Road, Navi Mumbai 836736",17IVMVJ9942MZ8
Harinakshi,Setty,harinakshi.setty8642@gmail.com,9411680439,"15/654, Dua Path, Jabalpur-116152",32VWHTH9149HZ7
Darpan,Narayan,darpan.narayan5728@gmail.com,9943330230,"H.No. 60, Muni Road, Vasai-Virar 273158",32QUDHV6174AZ1
Jhalak,Contractor,jhalak.contractor312@gmail.com,9285751230,"89, Bal, Bhopal 445502",23QQBVM5657JZ6
Luke,Rattan,luke.rattan26@gmail.com,9624609055,"01/836, Setty Marg, Sangli-Miraj & Kupwad 459910",26OKMQZ2073XZ1
Nachiket,Dugar,nachiket.dugar9534@gmail.com,9730581746,"H.No. 76, Sathe Chowk, Darbhanga 815614",30EDSYA2783JZ8
Vidhi,Vyas,vidhi.vyas6525@gmail.com,9952713783,"690, Jayaraman Nagar, Rajpur Sonarpur 445107",13ULKLY3163ZZ8
Qushi,Gill,qushi.gill4370@gmail.com,9870685306,"38/85, Ranganathan Zila, Junagadh-715969",19LSELL7964UZ0
Nidhi,Sahni,nidhi.sahni1230@gmail.com,9645710864,"05, Sharma Street, Hubli–Dharwad 136968",14BUJJO6693YZ1
Farhan,Randhawa,farhan.randhawa9404@gmail.com,9133290159,"521, Comar Circle, Karnal 231243",13GGLZH9418OZ2
Oscar,Dua,oscar.dua7293@gmail.com,9989967522,"77/997, Naidu, Saharanpur 177449",15SYQUN1217AZ5
Daksh,Pandey,daksh.pandey9078@gmail.com,9549180374,"70, Pillay Nagar, Solapur 998679",23TVBZQ4638YZ8
Benjamin,Sengupta,benjamin.sengupta9631@gmail.com,9194901113,"78/20, Chauhan Chowk, Guwahati-037788",32FYNHC1926TZ8
Nathan,Patla,nathan.patla1531@gmail.com,9519167685,"65, Ben, Amritsar 186449",10CYUGF5608RZ4
Mason,Nath,mason.nath4950@gmail.com,9486200442,"H.No. 46, Chad Street, Karaikudi 528168",29DWIZI3751HZ7
Janaki,Badami,janaki.badami2008@gmail.com,9220236281,"357, Kara Ganj, Bhatpara 418880",20YSEEZ4840MZ8
Gayathri,Deep,gayathri.deep7492@gmail.com,9923048645,"292, Bassi Chowk, Bharatpur-794738",13LWSTJ4515CZ6
William,More,william.more8262@gmail.com,9458661039,"H.No. 97, Manda Chowk, Ambala-239240",27YTFNN0134OZ2
Vasana,Prabhu,vasana.prabhu9933@gmail.com,9819336855,"H.No. 12, Sengupta Road, Junagadh 375060",26NSHVJ6957XZ0
Meghana,Thakkar,meghana.thakkar9780@gmail.com,9497757516,"15, Bala Ganj, Navi Mumbai 220472",29UJVGO7144NZ3
Upasna,Sen,upasna.sen6724@gmail.com,9564877559,"H.No. 432, Wable Circle, Bhubaneswar 341036",25NIEXI3776WZ4
Tanvi,Bhatnagar,tanvi.bhatnagar9996@gmail.com,9492299776,"80/89, Dhawan Ganj, Haldia 953962",25IJYUH1639LZ2
Frederick,Viswanathan,frederick.viswanathan4759@gmail.com,9090967282,"88/88, Ramakrishnan Nagar, Varanasi 540515",27SDQPG6560NZ5
Wridesh,Chawla,wridesh.chawla7740@gmail.com,9170594984,"H.No. 585, Shetty Street, South Dumdum 170430",16THHBT6278BZ2
Ryan,Barman,ryan.barman6847@gmail.com,9819934999,"68/74, Halder Nagar, Raurkela Industrial Township 541566",11AOCZH9549QZ7
Ria,Raju,ria.raju4471@gmail.com,9111421775,"75, Loke Circle, Khandwa 692845",34FPQKL3409PZ5
Harshil,Buch,harshil.buch4065@gmail.com,9034235523,"H.No. 79, Ganesan Marg, Etawah 059640",17BDHKN8731JZ5
Falan,Ravi,falan.ravi3619@gmail.com,9211764545,"H.No. 297, Date Nagar, Noida 569092",31VTRPU5539DZ0
Shivani,Prabhakar,shivani.prabhakar8973@gmail.com,9925184674,"H.No. 928, Rao Path, Alwar 102786",26LBDKO5630IZ0
Jacob,Lala,jacob.lala3571@gmail.com,9503099090,"947, Das Ganj, Srinagar 271551",23EDQSZ3849MZ6
Bina,Mital,bina.mital1315@gmail.com,9665631557,"H.No. 83, Iyer Zila, Patiala-058957",17VTZMS4324EZ4
Kai,Chadha,kai.chadha3089@gmail.com,9971847802,"78, Rout Marg, Cuttack 177852",13PLRWG0457YZ0
Qabil,Dayal,qabil.dayal2296@gmail.com,9528735633,"H.No. 824, Edwin Street, Kamarhati-841438",14ZNKHO5716RZ7
Anvi,Dass,anvi.dass769@gmail.com,9996734137,"29/92, Nazareth Street, Bhopal 094396",25GFWDM0445MZ3
Azaan,Tank,azaan.tank4178@gmail.com,9269807126,"36, Setty Road, Allahabad 767735",29BBUPR2293AZ3
Maanas,Munshi,maanas.munshi3114@gmail.com,9919426295,"25, Cherian Circle, New Delhi 147321",34HMQIJ8487YZ5
