username,email,password_hash,role_id
melaniejones,melaniejones@retailcorp.com,hash_y0xpcmxw5pehwekf18he,1
hudsonmiguel,hudsonmiguel@storegrid.com,hash_dpqo5awejbelv26qgfs6,2
browndennis,browndennis@storegrid.com,hash_5d3xs30kwgvscrmm0b09,2
christina28,christina28@storegrid.com,hash_r70h75gjxgo050llkeut,2
mario85,mario85@retailcorp.com,hash_grfenz6atd3lzavdr8zw,2
mwallace,mwallace@storegrid.com,hash_8n6qf3pjlks79vd0k6xs,2
jennifer43,jennifer43@shopmart.in,hash_9tkcq3wul6lrw57l1y4d,2
odavenport,odavenport@retailcorp.com,hash_u24zpdde22dvx9to21qz,2
amandabray,amandabray@shopmart.in,hash_whu4c1nwu33oqeroaxgo,2
jenkinsjoe,jenkinsjoe@shopmart.in,hash_q50s78xajlxiuv0xbpov,2
oscarvasquez,oscarvasquez@shopmart.in,hash_u24buq8ej7plgp8pmg2g,2
charles11,charles11@supplyhub.in,hash_yhavoeoh47lhke3b2wku,2
jacqueline87,jacqueline87@shopmart.in,hash_tu0ob97czx4prtkbm247,2
warrenshawn,warrenshawn@storegrid.com,hash_fd03ryrib75x9140kllt,3
gomezallen,gomezallen@storegrid.com,hash_fxo1vvaoo0wpq5diytwk,3
adyer,adyer@storegrid.com,hash_m63mqhhwlg9p2y7w8rid,3
chelsea62,chelsea62@supplyhub.in,hash_6xyai9beoca2k72u4ga6,3
stephenhall,stephenhall@supplyhub.in,hash_0cfcnxq9u2aqggoc0mgn,3
millershane,millershane@supplyhub.in,hash_ne3wuvn81bhtczjnq057,3
kmcmahon,kmcmahon@storegrid.com,hash_ry7tmgnh45uw4sip9f5d,3
brucechristopher,brucechristopher@supplyhub.in,hash_1b6gcbzf7lx3pzbvf8jd,3
welcheric,welcheric@shopmart.in,hash_gmhq6ktsf06jc897ueqn,3
colleen32,colleen32@storegrid.com,hash_19ok8u9v3d7my7t4ruca,3
yhouston,yhouston@shopmart.in,hash_4q6lht0rek6wcdmz774q,3
christopher63,christopher63@supplyhub.in,hash_7sxpcmjmmj45j3qalxyt,3
yatespamela,yatespamela@supplyhub.in,hash_599ngczxwdmlnoewpr2y,3
emily01,emily01@retailcorp.com,hash_mmqnz5wbzjyhq6rko47y,3
jeremyhull,jeremyhull@shopmart.in,hash_410318weedc7megn3idf,3
dmorales,dmorales@storegrid.com,hash_j6jjc9g55ucodkq9wn9c,3
ynolan,ynolan@shopmart.in,hash_w7ungun6acpbfxnbf12i,3
peteradams,peteradams@storegrid.com,hash_cpfofjqdzv0bzf1ls4xh,3
clayton93,clayton93@supplyhub.in,hash_0l2rrtj2c2na6frzy6ke,3
pespinoza,pespinoza@storegrid.com,hash_6f88xcppamuyw8trzmwa,3
jacqueline37,jacqueline37@supplyhub.in,hash_e1jvimyl37qiu8xo47ef,3
roymary,roymary@retailcorp.com,hash_29kh3503geszp6qj7d7n,3
joel89,joel89@storegrid.com,hash_sifd1722qxy15nkyq5ag,3
brownkaren,brownkaren@supplyhub.in,hash_8bv02dh4pt7e6nu6vzfu,3
qwoodard,qwoodard@storegrid.com,hash_y9lty38xpcsc51md1h5l,3
allenrandy,allenrandy@supplyhub.in,hash_jiuvo9mos5409rlp7mx5,3
danielgonzalez,danielgonzalez@supplyhub.in,hash_2730dw9i929e3vlnto0q,3
sflores,sflores@shopmart.in,hash_441aud7ofz95kbnjx0he,3
veronica31,veronica31@retailcorp.com,hash_i9m0lfk2y3i60zmvphgp,3
anneflores,anneflores@shopmart.in,hash_ibwf9c5hs2fwd7rn0vla,3
ariaspatricia,ariaspatricia@supplyhub.in,hash_hfgp3cas25x8fyg2pv1x,3
emily79,emily79@storegrid.com,hash_lmyc8ftkyktt2jjtnw50,3
nicolas91,nicolas91@supplyhub.in,hash_izsn0cfezxdc7w6n771g,3
vatkins,vatkins@shopmart.in,hash_ya6zo7d477damv1nobfd,3
egarner,egarner@storegrid.com,hash_n2qsbkmqw08awbc3y1xv,3
matthewgreen,matthewgreen@retailcorp.com,hash_m8oxaw3x9l6nhrz34twp,3
qfarley,qfarley@retailcorp.com,hash_g8w7pwzby3zrj5bzo2ew,4
psnyder,psnyder@storegrid.com,hash_5p5ajro79qgcourhvctx,4
upacheco,upacheco@supplyhub.in,hash_g382wvlfukub0wwlp1az,4
chase01,chase01@shopmart.in,hash_pnm59a4fapxd2kry6y7v,4
leviluna,leviluna@supplyhub.in,hash_mba24upo890zrezckjwm,4
morenochristopher,morenochristopher@retailcorp.com,hash_q9f3y97sqmcps2wufp2o,4
pbraun,pbraun@supplyhub.in,hash_bak5zjvde4e7ry8nixsn,4
justinschneider,justinschneider@retailcorp.com,hash_rczx313kh2mrkb14xc93,4
zachary11,zachary11@shopmart.in,hash_1mydhu69149m8ev26z3n,4
wrightjonathan,wrightjonathan@shopmart.in,hash_9suefpt3pj7t13g32p3z,4
eklein,eklein@shopmart.in,hash_psbaki9lt993wv6l3fi7,4
brittany01,brittany01@supplyhub.in,hash_044302ordgda6gz623g9,4
diana87,diana87@retailcorp.com,hash_jiesaq8gg9ut7wie0f4f,4
chood,chood@supplyhub.in,hash_s0u0g751v5ntlpz9bg4i,4
rodriguezdavid,rodriguezdavid@shopmart.in,hash_wagij6t363zkpa802o3h,4
cblankenship,cblankenship@shopmart.in,hash_c5bwiw16kep6trciv23l,4
xnewman,xnewman@shopmart.in,hash_fbsrwuu11fzx85ewdxx4,4
llogan,llogan@shopmart.in,hash_wm21u5rk2agxww6usrrk,4
mark78,mark78@supplyhub.in,hash_h9c1mxa6g6i0582155ht,4
ashleywells,ashleywells@retailcorp.com,hash_2qvsv5r5ea5avnb63f2r,4
cdiaz,cdiaz@storegrid.com,hash_err0o7v23l395u4mnr8o,4
dkelly,dkelly@shopmart.in,hash_7rizj7u9sxswlink9ks5,4
mmcclure,mmcclure@shopmart.in,hash_kbhyk58qjiq3glop7dky,4
lpadilla,lpadilla@retailcorp.com,hash_gkguxtt8bn397x5q53il,4
jason66,jason66@retailcorp.com,hash_gp9o0ga53v0iolvopnmz,4
marcus24,marcus24@supplyhub.in,hash_zq44jzrcxnmkns9ttds1,4
xwilson,xwilson@supplyhub.in,hash_53fryeq55nwelkuspfn7,4
kaylatapia,kaylatapia@storegrid.com,hash_jzeguglho2a7vguxk0la,4
brett43,brett43@storegrid.com,hash_g0djxpcok6yr8ecxyz52,4
james01,james01@shopmart.in,hash_3levfa6j0ztx92g1r6xq,4
jonesvirginia,jonesvirginia@retailcorp.com,hash_1ttokvz07y8e07dryx3q,4
ambercunningham,ambercunningham@retailcorp.com,hash_ok4fw3xpl5ns87ild6pi,4
rachel77,rachel77@shopmart.in,hash_xd4tnigg160qgf3a5y0s,4
perrybenjamin,perrybenjamin@supplyhub.in,hash_xchtffhktwenekgcka60,4
jake33,jake33@retailcorp.com,hash_09ztpp5hhevtqof0entg,4
samanthabuckley,samanthabuckley@storegrid.com,hash_gezsf4tcld38dyk97evw,4
marypayne,marypayne@storegrid.com,hash_tmxowly528mu9vqod34o,4
ricky04,ricky04@supplyhub.in,hash_w7vi3vktpwgfjjs87agp,4
zperry,zperry@supplyhub.in,hash_w47sp8gdw8zbndzt233h,4
misty55,misty55@retailcorp.com,hash_eht3tg8k41lecm7eq5ao,4
gregory79,gregory79@retailcorp.com,hash_q36cttoaln72dhdw6ohn,4
villanuevasara,villanuevasara@storegrid.com,hash_22lesvv0bic8asjrihu7,4
michellesmith,michellesmith@supplyhub.in,hash_zshkkxuh5p0iyhbka3bj,4
james21,james21@supplyhub.in,hash_q8h4ndr3pemo8bxoclhj,4
devin36,devin36@shopmart.in,hash_y871ogh8mkyjttjxarw8,4
cassandra49,cassandra49@shopmart.in,hash_qtlvigy9h6i9i9ytnvq2,4
gsnyder,gsnyder@retailcorp.com,hash_6461d85kcbcgfn0ixmo4,4
heather87,heather87@supplyhub.in,hash_ip1f1ic28roaioo03gvj,4
trannancy,trannancy@retailcorp.com,hash_up5q4c7o0a42jho52fxm,4
wangashley,wangashley@retailcorp.com,hash_gsizbpc1u2hw1p44fclt,4
angela55,angela55@shopmart.in,hash_9v09xy96tkzanckg9ym2,4
carpenterlisa,carpenterlisa@supplyhub.in,hash_an42ztcwmdp0h9hc8g1j,4
jessicabrooks,jessicabrooks@shopmart.in,hash_s5niw7f5zgcrrxm8do7k,4
christopher50,christopher50@storegrid.com,hash_s6jyeq6kqa2rbvoj294y,4
ashleyprice,ashleyprice@supplyhub.in,hash_nqdjd7delen6zpkm4h2j,4
amber55,amber55@shopmart.in,hash_c1d9umegtqasfke4h02y,4
ccontreras,ccontreras@retailcorp.com,hash_lugwiqled43iuwek3rcx,4
vanessacabrera,vanessacabrera@retailcorp.com,hash_114x9w366fu5xhehm2u5,4
peterprice,peterprice@retailcorp.com,hash_pm17wlga98yjqbm87g59,4
christopherjenkins,christopherjenkins@shopmart.in,hash_b133u7tm05y6l2chhcjy,4
bridget23,bridget23@shopmart.in,hash_wjna1vsuf1o7fa5104w3,4
jason85,jason85@shopmart.in,hash_i3yjalt2t3m6w6uyxkzq,4
matthewblankenship,matthewblankenship@supplyhub.in,hash_benmn0p1jt7n5g8nij3o,4
davidlaura,davidlaura@supplyhub.in,hash_ghpqnm6wvv839y0749kh,4
robertross,robertross@shopmart.in,hash_f55hzng5dk5u283bov1g,4
mcdonaldchristina,mcdonaldchristina@storegrid.com,hash_i01tn4ju8mz5n7enpy5x,4
ihoover,ihoover@retailcorp.com,hash_0w141ag50378icbxndt5,4
amandamartinez,amandamartinez@retailcorp.com,hash_ww4yak8dn6h8vl8uw7ax,4
donaldcruz,donaldcruz@shopmart.in,hash_l0ufllo0yxgl360b7ua8,4
oosborne,oosborne@retailcorp.com,hash_9qnp2f5d8gc7c6b87p04,4
xsmith,xsmith@retailcorp.com,hash_nkjym4ff8qhec4oea8mj,4
james26,james26@storegrid.com,hash_ffxerd3efh7h03zbh20y,4
jacquelinesummers,jacquelinesummers@supplyhub.in,hash_np7xc08vm5k917oo38yv,5
michelleburch,michelleburch@retailcorp.com,hash_8242rlfcrmnu3t77teuz,5
shannonvillanueva,shannonvillanueva@storegrid.com,hash_fhz3omkr027hftii49yq,5
danderson,danderson@supplyhub.in,hash_tfwgukw1zrmf88yv6diw,5
thomas95,thomas95@shopmart.in,hash_f42ala5uhzlcu9m41ck0,5
hawkinsdavid,hawkinsdavid@supplyhub.in,hash_wdky6hac20d9uxtji09s,5
smata,smata@retailcorp.com,hash_3kq085q6wj1fn4f5sp7q,5
hrodriguez,hrodriguez@shopmart.in,hash_37uduvr9hr523ij9d6zm,5
brian02,brian02@retailcorp.com,hash_dwenjxyomaz7ovqp9t8h,5
timothytapia,timothytapia@supplyhub.in,hash_ga8k4n0bxptyug36h437,5
barnettaudrey,barnettaudrey@shopmart.in,hash_wdl921wcxuufpdqg2lpy,5
diana57,diana57@retailcorp.com,hash_02htah5e7jlnveaiposv,5
robertsrichard,robertsrichard@retailcorp.com,hash_6x2l0ann7juyao0z77x6,5
oreid,oreid@storegrid.com,hash_c7jjq9dzyr6nk7o66873,5
elijahtate,elijahtate@supplyhub.in,hash_kcw1or8lc9sbrtqcaw0b,5
laura04,laura04@shopmart.in,hash_zne3y8sgy88vtwbwe9xp,5
robertspatrick,robertspatrick@retailcorp.com,hash_52gz8xmj3l5ebqxrkrgr,5
kevinhenry,kevinhenry@shopmart.in,hash_qvf4ibnlp9hsbzyf7fno,5
scottbrian,scottbrian@shopmart.in,hash_s0pqzkp076q1r7gjinak,5
gomezerika,gomezerika@retailcorp.com,hash_wc0jtybeua79rsqx7fe8,5
erinjones,erinjones@supplyhub.in,hash_qnf3meqs34ijtgis4z1w,5
rnunez,rnunez@storegrid.com,hash_97e9c4h1zplivimrsby0,5
curtisburch,curtisburch@shopmart.in,hash_fxtckl3apzr36j06as3k,5
andrew68,andrew68@shopmart.in,hash_g4045gilplqanzig7cg3,5
erin13,erin13@storegrid.com,hash_15omtz4rrc06u3br1pm6,5
sethcurtis,sethcurtis@shopmart.in,hash_7gr1flryymqd5g0ouq0h,5
stephanie23,stephanie23@shopmart.in,hash_3bgfzn6e1gauljer01ko,5
matthew11,matthew11@supplyhub.in,hash_k6puwl1e9dz8yizym8pm,5
howardhill,howardhill@storegrid.com,hash_86p0r19in3totyaqgejo,5
melissalarson,melissalarson@shopmart.in,hash_1yuyr8nfeguz3dljzecj,5
howardstephanie,howardstephanie@supplyhub.in,hash_ujdp7pubm1lvl02ar51f,5
david55,david55@shopmart.in,hash_p2mstwbxyoe2yxef5xv1,5
calexander,calexander@retailcorp.com,hash_pdx884c69nnmr7vc3pyy,5
cristinazavala,cristinazavala@storegrid.com,hash_ym2wng0qr95a1wdhv5nx,5
randallwilliam,randallwilliam@storegrid.com,hash_9i7zv0yxl0qaricg1kmm,5
joseph73,joseph73@supplyhub.in,hash_8pxjqhd1q8ftnmsl9mih,5
tuckerkatherine,tuckerkatherine@shopmart.in,hash_njhrlwi7lmrkkaat7hhx,5
wboyd,wboyd@retailcorp.com,hash_ud1p8qc0v7kfegwtgk1q,5
jsimpson,jsimpson@storegrid.com,hash_gnmcax1lribw789kzg5u,5
floresdanny,floresdanny@supplyhub.in,hash_f271fxzzt4qnf3jxzyzv,5
sturner,sturner@storegrid.com,hash_0alqkhi36cdbjhzgwz9o,5
bethany28,bethany28@storegrid.com,hash_r7t2j2ee0nsdh23ol7rz,5
barbarareed,barbarareed@shopmart.in,hash_rqv3o9kux1y147tanf2p,5
whitneylee,whitneylee@storegrid.com,hash_s5223ykmf7mpvrviov6l,5
istewart,istewart@supplyhub.in,hash_3s8lep890p0ln1t8r72g,5
oguerra,oguerra@supplyhub.in,hash_f20dvf6qh5rykvo9dcbs,5
cynthiakim,cynthiakim@shopmart.in,hash_ehfszur2uxx611fiyjf7,5
schwartztina,schwartztina@retailcorp.com,hash_e3zs87sbvhaus3m1hkuk,5
droberts,droberts@storegrid.com,hash_ylqel7mfivg9yf01ek07,6
elizabeththompson,elizabeththompson@storegrid.com,hash_21u1kdr19jcnmzwjued5,6
rollinsbecky,rollinsbecky@shopmart.in,hash_yxvdy1k9gzj7ag907pzr,6
stricklandtricia,stricklandtricia@storegrid.com,hash_7oi6du5s68efsx0sdiyt,6
angela00,angela00@retailcorp.com,hash_o7sidpwhwukuqulp99wq,6
tatetricia,tatetricia@supplyhub.in,hash_512yp07chtv3othy4r54,6
kathymiller,kathymiller@retailcorp.com,hash_o5cdglfp1ajd6n42o99r,6
qrussell,qrussell@shopmart.in,hash_7sge2xnzib39c7828iua,6
ortegatimothy,ortegatimothy@storegrid.com,hash_spvvdle8l25vyv3n3not,6
joshuaaguilar,joshuaaguilar@retailcorp.com,hash_cz61w6arbta13vpvlifn,6
ljones,ljones@storegrid.com,hash_7non2lm04lfwq0bf0ray,6
jennifer36,jennifer36@retailcorp.com,hash_xuy8rx2rmqy9qoojzg52,6
arthurmcdonald,arthurmcdonald@storegrid.com,hash_d240xkgx8sl8zok3wyp5,6
uwest,uwest@shopmart.in,hash_fxflcyy67vjnt1eu3vb1,6
dgreene,dgreene@shopmart.in,hash_1w9qqgjx4c6zxgabm2um,6
stephenross,stephenross@shopmart.in,hash_awp3egycuw0g7juld298,6
gmann,gmann@supplyhub.in,hash_i80wcalaaxazgdq9c9ye,6
kayla27,kayla27@shopmart.in,hash_e8ykxyzsdsv3g1tfwlal,6
hahnlisa,hahnlisa@supplyhub.in,hash_8h4ndyw7urh8pb7ve137,6
olivia85,olivia85@storegrid.com,hash_55bt83rphglp62687fq7,6
clarkerin,clarkerin@shopmart.in,hash_j133skaok50ycnb0z6wz,6
watsonchristopher,watsonchristopher@storegrid.com,hash_6ya02pzyqmrwt1ilmjyx,6
ladams,ladams@shopmart.in,hash_6gazjn6ksl9vhhuthaxk,6
riverabruce,riverabruce@shopmart.in,hash_rh0spga79aw0yh3ehomg,6
hannah01,hannah01@storegrid.com,hash_w7k8kjtv0rxg86v6vsht,6
rbrown,rbrown@shopmart.in,hash_pouvwu5z5l7755kgrld3,6
jessicahurley,jessicahurley@supplyhub.in,hash_yjtlczfuja3nc1aw08os,6
qrobertson,qrobertson@supplyhub.in,hash_u1f120co8qkelm0olsim,6
briankelly,briankelly@retailcorp.com,hash_n89pwialkmnboes9zip0,6
kylebrown,kylebrown@storegrid.com,hash_1w8mdw4mk4e6xpqbvrg7,6
michaelmaldonado,michaelmaldonado@storegrid.com,hash_dfn1x0qw8p8gv5p87vq3,6
sydneypotter,sydneypotter@supplyhub.in,hash_263ijznqis5akxy1c3mw,6
phuang,phuang@storegrid.com,hash_2wp3i79o4lrdayhliezc,6
michellefletcher,michellefletcher@retailcorp.com,hash_n6r58ihmvkp06eufyyxp,6
youngrobert,youngrobert@storegrid.com,hash_euokeda8oexr3is7938e,6
pryan,pryan@shopmart.in,hash_ilvztoxuh1bc4bek23jz,6
zwalker,zwalker@retailcorp.com,hash_rv90t4nco5vcs44kvomn,6
annfrazier,annfrazier@retailcorp.com,hash_cp1pncjlkg5lgzmgsr0q,6
heidi45,heidi45@shopmart.in,hash_k20e3zg7iisy4n592pda,6
pjackson,pjackson@supplyhub.in,hash_d3wf7t3zk99upcnis3wt,6
ukennedy,ukennedy@retailcorp.com,hash_fx6ltmciirn829agcfsb,6
lewiselizabeth,lewiselizabeth@shopmart.in,hash_33hmbk6mk4vqrqda16to,6
junderwood,junderwood@supplyhub.in,hash_p05c8udumah8hczsgmxl,6
kathrynjoyce,kathrynjoyce@supplyhub.in,hash_sb0ns02k5sxzvmeusj2y,6
aprilnewman,aprilnewman@retailcorp.com,hash_uoyd40ofpqik3tks32xc,6
aprilmullins,aprilmullins@shopmart.in,hash_8n1qn85fwinjnvdn1oal,6
ssullivan,ssullivan@retailcorp.com,hash_ssqicatzes0jg6to8sj6,6
danielleclark,danielleclark@retailcorp.com,hash_2u5utzjyehqzridry67a,6
anthony14,anthony14@storegrid.com,hash_75e366tyv4f5ps6644q8,6
travis71,travis71@storegrid.com,hash_4tr9t37wz3y3xf66e040,6
johnphillips,johnphillips@retailcorp.com,hash_jyag6jpt975chtwlidt0,6
smithkayla,smithkayla@storegrid.com,hash_6w5cznyvqagvdgjrl495,6
rubengutierrez,rubengutierrez@supplyhub.in,hash_g6c0kq53x11bf24ro79d,6
jennifer39,jennifer39@supplyhub.in,hash_vb4sl8ccgkuow5ctl2no,6
victorialopez,victorialopez@supplyhub.in,hash_1lvls9w679o0c6eo5fuv,6
samantha90,samantha90@storegrid.com,hash_6mt6yqsngxzmxy3wnlvy,6
heatherharris,heatherharris@supplyhub.in,hash_w4c96cfou95yv3py1fd7,6
martinezcharles,martinezcharles@shopmart.in,hash_3vs2d3rw1t7f4xuqx0f5,6
lauren90,lauren90@supplyhub.in,hash_8jqdx7mr4tvs1bm9cp51,6
brent62,brent62@storegrid.com,hash_jo39fkbwaofkr5onk9pi,6
rhodesamy,rhodesamy@shopmart.in,hash_a1ohzqx6hqn7g0wn26q0,6
jlong,jlong@shopmart.in,hash_msnfp2c2xlgpv9k04uyw,6
erika63,erika63@shopmart.in,hash_ivby9nlj2fe4gayaw4pw,6
tmalone,tmalone@supplyhub.in,hash_mkn7fyb7vmutrs7u9yri,6
benjaminbishop,benjaminbishop@supplyhub.in,hash_ry0qmm8jn997236m22r4,6
tlynch,tlynch@shopmart.in,hash_z3nlhsi0q4tbmu471br0,6
harringtonashley,harringtonashley@supplyhub.in,hash_2zruq0vbf3pe8ovzlm2l,6
warnerjamie,warnerjamie@retailcorp.com,hash_hd2ykdzyv01bqigaq7wn,6
bscott,bscott@supplyhub.in,hash_bxyhjqo4kgq282hb33gt,6
morsepaul,morsepaul@supplyhub.in,hash_kv8ar1ooiay7m844p95k,6
rebecca17,rebecca17@shopmart.in,hash_lqml12juyy5bj3syodk4,6
laura90,laura90@shopmart.in,hash_kkqhfynplwcgk3e5aj3o,6
